{"train_losses": [0.5497133873664496, 0.4462392579666094, 0.36319849993870185, 0.314844802026065, 0.2838924620423074, 0.24895600695571488, 0.2190101817801693], "val_losses": [0.42324847766027157, 0.4146338305150976, 0.3817245720752648, 0.4087850195640812, 0.44956207138543225, 0.45434048353713385, 0.46876991331121143], "train_accuracies": [0.7739857456140351, 0.8187362938596491, 0.8493009868421053, 0.8716762609649122, 0.8861362390350878, 0.9002878289473685, 0.9132058662280702], "val_accuracies": [0.8154780940198273, 0.8260313399424368, 0.8369043811960345, 0.8289094979213304, 0.8261912376079309, 0.8249120562839782, 0.8233130796290374], "best_val_loss": 0.3817245720752648}